book,unit,slot,structure,introduced_at
A1.1,2,own,subject-pronouns,A1.1U1
A1.1,3,own,subject-pronouns,A1.1U1
A1.1,3,own,be-present,A1.1U1
A1.1,4,own,subject-pronouns,A1.1U1
A1.1,4,own,pres-simple-aff,A1.1U2
A1.1,5,own,pres-simple-3rd,A1.1U3
A1.1,5,own,q-do-does,A1.1U3
A1.1,6,own,some-any,A1.1U5
A1.1,6,own,be-present,A1.1U1
A1.1,7,own,how-much-many,A1.1U6
A1.1,7,own,there-is-are,A1.1U5
A1.1,8,own,adv-frequency,A1.1U7
A1.1,8,own,how-much-many,A1.1U6
A1.1,9,own,adv-frequency,A1.1U7
A1.1,9,own,like-ing,A1.1U7
A1.1,10,own,preps-place,A1.1U9
A1.1,10,own,imperatives,A1.1U9
A1.2,1,prev,be-past,A1.1U10
A1.2,2,prev,preps-place,A1.1U9
A1.2,3,own,past-simple-neg-q,A1.2U2
A1.2,3,own,past-simple-irreg,A1.2U1
A1.2,3,prev,imperatives,A1.1U9
A1.2,4,own,past-simple-neg-q,A1.2U2
A1.2,4,own,comparatives,A1.2U3
A1.2,4,prev,be-past,A1.1U10
A1.2,5,own,possessive-s,A1.2U4
A1.2,5,own,possessive-adj,A1.2U4
A1.2,5,prev,some-any,A1.1U5
A1.2,6,own,possessive-s,A1.2U4
A1.2,6,own,possessive-adj,A1.2U4
A1.2,6,prev,countable-uncount,A1.1U6
A1.2,7,own,possessive-s,A1.2U4
A1.2,7,own,possessive-adj,A1.2U4
A1.2,7,prev,how-much-many,A1.1U6
A1.2,8,own,have-to,A1.2U7
A1.2,8,own,should-advice,A1.2U5
A1.2,8,prev,adv-frequency,A1.1U7
A1.2,9,own,pres-perfect-exp,A1.2U8
A1.2,9,own,must-mustnt,A1.2U7
A1.2,9,prev,like-ing,A1.1U7
A1.2,10,own,pres-cont-future,A1.2U9
A1.2,10,own,have-to,A1.2U7
A1.2,10,prev,pres-continuous,A1.1U8
A2.1,1,prev,superlatives,A1.2U10
A2.1,2,own,for-since,A2.1U1
A2.1,2,own,pres-perf-vs-past,A2.1U1
A2.1,2,prev,too-enough,A1.2U10
A2.1,3,own,while-when,A2.1U2
A2.1,3,own,for-since,A2.1U1
A2.1,3,prev,pres-perfect-exp,A1.2U8
A2.1,4,own,while-when,A2.1U2
A2.1,4,own,used-to,A2.1U3
A2.1,4,prev,going-to,A1.2U9
A2.1,5,own,pres-perf-vs-past,A2.1U1
A2.1,5,own,for-since,A2.1U1
A2.1,5,prev,pres-cont-future,A1.2U9
A2.1,6,own,time-clauses,A2.1U5
A2.1,6,own,past-continuous,A2.1U2
A2.1,6,prev,superlatives,A1.2U10
A2.1,7,own,time-clauses,A2.1U5
A2.1,7,own,while-when,A2.1U2
A2.1,7,prev,too-enough,A1.2U10
A2.1,8,own,passive-simple,A2.1U7
A2.1,8,own,used-to,A2.1U3
A2.1,8,prev,past-simple-neg-q,A1.2U2
A2.1,9,own,be-allowed-to,A2.1U8
A2.1,9,own,supposed-to,A2.1U8
A2.1,9,prev,comparatives,A1.2U3
A2.1,10,own,adv-manner,A2.1U9
A2.1,10,own,be-allowed-to,A2.1U8
A2.1,10,prev,possessive-s,A1.2U4
A2.2,1,prev,indirect-q,A2.1U10
A2.2,2,own,conditional-2,A2.2U1
A2.2,2,prev,supposed-to,A2.1U8
A2.2,3,own,pres-perfect-cont,A2.2U2
A2.2,3,own,conditional-2,A2.2U1
A2.2,3,prev,so-such,A2.1U9
A2.2,4,own,pres-perfect-cont,A2.2U2
A2.2,4,own,past-perfect,A2.2U3
A2.2,4,prev,adv-manner,A2.1U9
A2.2,5,own,pres-perfect-cont,A2.2U2
A2.2,5,own,past-perfect,A2.2U3
A2.2,5,prev,q-tags,A2.1U10
A2.2,6,own,reported-q-commands,A2.2U5
A2.2,6,own,reported-statements,A2.2U4
A2.2,6,prev,indirect-q,A2.1U10
A2.2,7,own,reported-q-commands,A2.2U5
A2.2,7,own,deduction-present,A2.2U6
A2.2,7,prev,rel-defining,A2.1U4
A2.2,8,own,future-continuous,A2.2U7
A2.2,8,own,reported-q-commands,A2.2U5
A2.2,8,prev,time-clauses,A2.1U5
A2.2,9,own,deduction-present,A2.2U6
A2.2,9,own,future-continuous,A2.2U7
A2.2,9,prev,gerund-infinitive,A2.1U6
A2.2,10,own,quantifiers-of,A2.2U9
A2.2,10,own,rel-nondefining,A2.2U8
A2.2,10,prev,passive-simple,A2.1U7
B1.1,1,prev,determiners,A2.2U10
B1.1,2,own,narrative-tense-contrast,B1.1U1
B1.1,2,prev,articles-system,A2.2U10
B1.1,3,own,pres-perf-simple-vs-cont,B1.1U2
B1.1,3,own,narrative-tense-contrast,B1.1U1
B1.1,3,prev,determiners,A2.2U10
B1.1,4,own,future-four-way,B1.1U3
B1.1,4,own,pres-perf-simple-vs-cont,B1.1U2
B1.1,4,prev,quantifiers-of,A2.2U9
B1.1,5,own,modality-past,B1.1U4
B1.1,5,own,future-four-way,B1.1U3
B1.1,5,prev,articles-system,A2.2U10
B1.1,6,own,conditional-0,B1.1U5
B1.1,6,own,modality-past,B1.1U4
B1.1,6,prev,determiners,A2.2U10
B1.1,7,own,by-with,B1.1U6
B1.1,7,own,conditional-0,B1.1U5
B1.1,7,prev,reported-statements,A2.2U4
B1.1,8,own,verb-obj-gerund,B1.1U7
B1.1,8,own,conditional-contrast,B1.1U5
B1.1,8,prev,reported-q-commands,A2.2U5
B1.1,9,own,rel-preposition,B1.1U8
B1.1,9,own,by-with,B1.1U6
B1.1,9,prev,deduction-present,A2.2U6
B1.1,10,own,verb-obj-infinitive,B1.1U7
B1.1,10,own,verb-obj-gerund,B1.1U7
B1.1,10,prev,future-continuous,A2.2U7
B1.2,1,prev,degree-modifiers,B1.1U10
B1.2,2,own,be-used-to,B1.2U1
B1.2,2,own,would-habitual,B1.2U1
B1.2,2,prev,the-more-the,B1.1U10
B1.2,3,own,be-used-to,B1.2U1
B1.2,3,own,would-habitual,B1.2U1
B1.2,3,prev,rel-preposition,B1.1U8
B1.2,4,own,conditional-mixed,B1.2U3
B1.2,4,own,be-used-to,B1.2U1
B1.2,4,prev,reporting-verb-range,B1.1U9
B1.2,5,own,deduction-past,B1.2U4
B1.2,5,own,would-habitual,B1.2U1
B1.2,5,prev,degree-modifiers,B1.1U10
B1.2,6,own,future-perfect,B1.2U5
B1.2,6,own,conditional-3,B1.2U2
B1.2,6,prev,the-more-the,B1.1U10
B1.2,7,own,passive-modal,B1.2U6
B1.2,7,own,causative-have,B1.2U6
B1.2,7,prev,modality-obligation,B1.1U4
B1.2,8,own,verb-pattern-meaning,B1.2U7
B1.2,8,own,future-perfect,B1.2U5
B1.2,8,prev,modality-past,B1.1U4
B1.2,9,own,passive-modal,B1.2U6
B1.2,9,own,causative-have,B1.2U6
B1.2,9,prev,conditional-0,B1.1U5
B1.2,10,own,verb-pattern-meaning,B1.2U7
B1.2,10,own,articles-advanced,B1.2U8
B1.2,10,prev,conditional-contrast,B1.1U5
B1.3,1,prev,wish-if-only,B1.2U10
B1.3,2,own,rel-of-which-whom,B1.3U1
B1.3,2,prev,quantifiers-advanced,B1.2U9
B1.3,3,own,rel-of-which-whom,B1.3U1
B1.3,3,own,participle-clauses,B1.3U2
B1.3,3,prev,wish-if-only,B1.2U10
B1.3,4,own,rel-of-which-whom,B1.3U1
B1.3,4,own,participle-clauses,B1.3U2
B1.3,4,prev,conditional-mixed,B1.2U3
B1.3,5,own,purpose-result,B1.3U4
B1.3,5,own,contrast-although-despite,B1.3U3
B1.3,5,prev,deduction-past,B1.2U4
B1.3,6,own,purpose-result,B1.3U4
B1.3,6,own,cleft-what,B1.3U5
B1.3,6,prev,future-perfect,B1.2U5
B1.3,7,own,reporting-verb-patterns,B1.3U6
B1.3,7,own,purpose-result,B1.3U4
B1.3,7,prev,passive-modal,B1.2U6
B1.3,8,own,reporting-verb-patterns,B1.3U6
B1.3,8,own,passive-reporting,B1.3U7
B1.3,8,prev,causative-have,B1.2U6
B1.3,9,own,hypothetical-past-modals,B1.3U8
B1.3,9,own,cleft-it,B1.3U5
B1.3,9,prev,verb-pattern-meaning,B1.2U7
B1.3,10,own,hypothetical-past-modals,B1.3U8
B1.3,10,own,phrasal-verb-grammar,B1.3U9
B1.3,10,prev,articles-advanced,B1.2U8
B2.1,1,prev,inversion-negative-adv,B1.3U10
B2.1,2,own,aspect-simple-vs-cont,B2.1U1
B2.1,2,prev,cleft-what,B1.3U5
B2.1,3,own,perfect-aspect-discourse,B2.1U2
B2.1,3,own,aspect-simple-vs-cont,B2.1U1
B2.1,3,prev,reporting-verb-patterns,B1.3U6
B2.1,4,own,perfect-aspect-discourse,B2.1U2
B2.1,4,own,modality-epistemic,B2.1U3
B2.1,4,prev,passive-reporting,B1.3U7
B2.1,5,own,future-in-past,B2.1U4
B2.1,5,own,perfect-aspect-discourse,B2.1U2
B2.1,5,prev,hypothetical-past-modals,B1.3U8
B2.1,6,own,conditional-alternatives,B2.1U5
B2.1,6,own,future-in-past,B2.1U4
B2.1,6,prev,phrasal-verb-grammar,B1.3U9
B2.1,7,own,info-focus,B2.1U6
B2.1,7,own,conditional-alternatives,B2.1U5
B2.1,7,prev,inversion-negative-adv,B1.3U10
B2.1,8,own,info-focus,B2.1U6
B2.1,8,own,future-in-past,B2.1U4
B2.1,8,prev,rel-of-which-whom,B1.3U1
B2.1,9,own,substitution,B2.1U8
B2.1,9,own,conditional-alternatives,B2.1U5
B2.1,9,prev,participle-clauses,B1.3U2
B2.1,10,own,substitution,B2.1U8
B2.1,10,own,discourse-marker-system,B2.1U9
B2.1,10,prev,contrast-although-despite,B1.3U3
B2.2,1,prev,pseudo-cleft,B2.1U6
B2.2,2,own,boosting,B2.2U1
B2.2,2,own,hedging,B2.2U1
B2.2,2,prev,info-focus,B2.1U6
B2.2,3,own,passive-info-structure,B2.2U2
B2.2,3,own,boosting,B2.2U1
B2.2,3,prev,ellipsis,B2.1U8
B2.2,4,own,passive-info-structure,B2.2U2
B2.2,4,own,complex-noun-phrase,B2.2U3
B2.2,4,prev,nominalisation,B2.1U7
B2.2,5,own,formal-rel-participle,B2.2U4
B2.2,5,own,boosting,B2.2U1
B2.2,5,prev,substitution,B2.1U8
B2.2,6,own,subjunctive-formal,B2.2U5
B2.2,6,own,passive-info-structure,B2.2U2
B2.2,6,prev,discourse-marker-system,B2.1U9
B2.2,7,own,complex-noun-phrase,B2.2U3
B2.2,7,own,formal-rel-participle,B2.2U4
B2.2,7,prev,inversion-full,B2.1U10
B2.2,8,own,end-weight,B2.2U7
B2.2,8,own,subjunctive-formal,B2.2U5
B2.2,8,prev,aspect-simple-vs-cont,B2.1U1
B2.2,9,own,attribution-distancing,B2.2U8
B2.2,9,own,concessive-while-albeit,B2.2U6
B2.2,9,prev,perfect-aspect-discourse,B2.1U2
B2.2,10,own,modal-remoteness-politeness,B2.2U9
B2.2,10,own,attribution-distancing,B2.2U8
B2.2,10,prev,modality-epistemic,B2.1U3
B2.3,1,prev,modal-remoteness-politeness,B2.2U9
B2.3,2,own,register-grammatical-choice,B2.3U1
B2.3,2,prev,aspect-narrative-grounding,B2.2U10
B2.3,3,own,grammatical-metaphor,B2.3U2
B2.3,3,own,register-grammatical-choice,B2.3U1
B2.3,3,prev,fronting,B2.2U7
B2.3,4,own,cohesion-reference,B2.3U3
B2.3,4,own,grammatical-metaphor,B2.3U2
B2.3,4,prev,end-weight,B2.2U7
B2.3,5,own,thematic-progression,B2.3U4
B2.3,5,own,cohesion-reference,B2.3U3
B2.3,5,prev,attribution-distancing,B2.2U8
B2.3,6,own,thematic-progression,B2.3U4
B2.3,6,own,argument-concession-counter,B2.3U5
B2.3,6,prev,modal-remoteness-politeness,B2.2U9
B2.3,7,own,thematic-progression,B2.3U4
B2.3,7,own,argument-concession-counter,B2.3U5
B2.3,7,prev,aspect-narrative-grounding,B2.2U10
B2.3,8,own,vague-language,B2.3U7
B2.3,8,own,stance-adverbs,B2.3U6
B2.3,8,prev,hedging,B2.2U1
B2.3,9,own,spoken-grammar-heads-tails,B2.3U8
B2.3,9,own,vague-language,B2.3U7
B2.3,9,prev,boosting,B2.2U1
B2.3,10,own,spoken-grammar-heads-tails,B2.3U8
B2.3,10,own,fixed-frames,B2.3U9
B2.3,10,prev,passive-info-structure,B2.2U2
C1.1,1,prev,irony-understatement-grammar,B2.3U10
C1.1,2,own,given-new,C1.1U1
C1.1,2,own,theme-rheme,C1.1U1
C1.1,2,prev,irony-understatement-grammar,B2.3U10
C1.1,3,own,given-new,C1.1U1
C1.1,3,own,text-level-cohesion,C1.1U2
C1.1,3,prev,cohesion-reference,B2.3U3
C1.1,4,own,theme-rheme,C1.1U1
C1.1,4,own,given-new,C1.1U1
C1.1,4,prev,thematic-progression,B2.3U4
C1.1,5,own,counterfactual-complex,C1.1U4
C1.1,5,own,text-level-cohesion,C1.1U2
C1.1,5,prev,argument-concession-counter,B2.3U5
C1.1,6,own,modality-deontic-dynamic,C1.1U5
C1.1,6,own,counterfactual-complex,C1.1U4
C1.1,6,prev,stance-adverbs,B2.3U6
C1.1,7,own,modality-deontic-dynamic,C1.1U5
C1.1,7,own,engagement-systems,C1.1U3
C1.1,7,prev,vague-language,B2.3U7
C1.1,8,own,rhetorical-marked-order,C1.1U7
C1.1,8,own,counterfactual-complex,C1.1U4
C1.1,8,prev,spoken-grammar-heads-tails,B2.3U8
C1.1,9,own,articles-abstract-reference,C1.1U8
C1.1,9,own,modality-deontic-dynamic,C1.1U5
C1.1,9,prev,fixed-frames,B2.3U9
C1.1,10,own,aspect-and-genre,C1.1U9
C1.1,10,own,articles-abstract-reference,C1.1U8
C1.1,10,prev,irony-understatement-grammar,B2.3U10
C1.2,1,prev,aspect-and-genre,C1.1U9
C1.2,2,own,precision-approximation,C1.2U1
C1.2,2,prev,abstraction-in-argument,C1.1U6
C1.2,3,own,delexical-light-verbs,C1.2U2
C1.2,3,own,precision-approximation,C1.2U1
C1.2,3,prev,rhetorical-marked-order,C1.1U7
C1.2,4,own,delexical-light-verbs,C1.2U2
C1.2,4,own,colligation,C1.2U3
C1.2,4,prev,articles-abstract-reference,C1.1U8
C1.2,5,own,metaphor-grammar,C1.2U4
C1.2,5,own,precision-approximation,C1.2U1
C1.2,5,prev,aspect-and-genre,C1.1U9
C1.2,6,own,metaphor-grammar,C1.2U4
C1.2,6,own,litotes,C1.2U5
C1.2,6,prev,multiple-subordination,C1.1U10
C1.2,7,own,formula-violation,C1.2U6
C1.2,7,own,delexical-light-verbs,C1.2U2
C1.2,7,prev,theme-rheme,C1.1U1
C1.2,8,own,editing-diagnosis,C1.2U7
C1.2,8,own,colligation,C1.2U3
C1.2,8,prev,given-new,C1.1U1
C1.2,9,own,register-switching-in-text,C1.2U8
C1.2,9,own,metaphor-grammar,C1.2U4
C1.2,9,prev,text-level-cohesion,C1.1U2
C1.2,10,own,register-switching-in-text,C1.2U8
C1.2,10,own,persuasion-grammar,C1.2U9
C1.2,10,prev,engagement-systems,C1.1U3
C2.1,1,prev,refutation-frames,C1.2U10
C2.1,2,own,prose-rhythm,C2.1U1
C2.1,2,prev,litotes,C1.2U5
C2.1,3,own,periodic-loose,C2.1U2
C2.1,3,own,prose-rhythm,C2.1U1
C2.1,3,prev,formula-violation,C1.2U6
C2.1,4,own,periodic-loose,C2.1U2
C2.1,4,own,parallelism-tricolon,C2.1U3
C2.1,4,prev,editing-diagnosis,C1.2U7
C2.1,5,own,authority-distance,C2.1U4
C2.1,5,own,periodic-loose,C2.1U2
C2.1,5,prev,register-switching-in-text,C1.2U8
C2.1,6,own,solidarity-grammar,C2.1U5
C2.1,6,own,parallelism-tricolon,C2.1U3
C2.1,6,prev,persuasion-grammar,C1.2U9
C2.1,7,own,scope-ambiguity,C2.1U6
C2.1,7,own,solidarity-grammar,C2.1U5
C2.1,7,prev,refutation-frames,C1.2U10
C2.1,8,own,compression-registers,C2.1U7
C2.1,8,own,scope-ambiguity,C2.1U6
C2.1,8,prev,precision-approximation,C1.2U1
C2.1,9,own,compression-registers,C2.1U7
C2.1,9,own,specialist-genre-syntax,C2.1U8
C2.1,9,prev,delexical-light-verbs,C1.2U2
C2.1,10,own,poetic-grammar,C2.1U9
C2.1,10,own,authority-distance,C2.1U4
C2.1,10,prev,colligation,C1.2U3
C2.2,1,prev,poetic-grammar,C2.1U9
C2.2,2,own,voice-persona,C2.2U1
C2.2,2,prev,englishes-variation,C2.1U10
C2.2,3,own,genre-transformation,C2.2U2
C2.2,3,own,voice-persona,C2.2U1
C2.2,3,prev,solidarity-grammar,C2.1U5
C2.2,4,own,transfer-features,C2.2U3
C2.2,4,own,genre-transformation,C2.2U2
C2.2,4,prev,scope-ambiguity,C2.1U6
C2.2,5,own,spoken-essay-grammar,C2.2U4
C2.2,5,own,transfer-features,C2.2U3
C2.2,5,prev,compression-registers,C2.1U7
C2.2,6,own,audience-design,C2.2U5
C2.2,6,own,spoken-essay-grammar,C2.2U4
C2.2,6,prev,specialist-genre-syntax,C2.1U8
C2.2,7,own,implicature-misdirection,C2.2U6
C2.2,7,own,audience-design,C2.2U5
C2.2,7,prev,poetic-grammar,C2.1U9
C2.2,8,own,sustained-argument,C2.2U7
C2.2,8,own,implicature-misdirection,C2.2U6
C2.2,8,prev,englishes-variation,C2.1U10
C2.2,9,own,expert-mediation,C2.2U8
C2.2,9,own,sustained-argument,C2.2U7
C2.2,9,prev,periodic-loose,C2.1U2
C2.2,10,own,style-deviation-cost,C2.2U9
C2.2,10,own,expert-mediation,C2.2U8
C2.2,10,prev,parallelism-tricolon,C2.1U3
